{
  "homography_pdf_to_bhu": [
    [
      0.4179535491509085,
      -0.0007474676207693875,
      1803.6378264828613
    ],
    [
      -0.0010433028386076602,
      0.4187059464751823,
      -797.6694670592624
    ],
    [
      -4.876132065088717e-07,
      -2.541983690384686e-07,
      1.0
    ]
  ],
  "bhu_image": {
    "width": 7200,
    "height": 4170
  },
  "bhu_utm_bbox_epsg32645": {
    "xmin": 286907.57940053486,
    "ymin": 2784453.4369858997,
    "xmax": 292640.3565219231,
    "ymax": 2787774.864730604
  },
  "epsg_in": 24345,
  "epsg_out": 4326,
  "calibration": {
    "pairs_total": 455,
    "inliers": 397,
    "mean_residual_px": 1.8154066801071167,
    "median_residual_px": 1.161541223526001
  }
}